RowId,prediction
1,http://us.battle.net/sc2/en/profile/3948354/1/hendralisk/
2,http://us.battle.net/sc2/en/profile/3948354/1/hendralisk/
3,http://us.battle.net/sc2/en/profile/3948354/1/hendralisk/
4,http://us.battle.net/sc2/en/profile/3948354/1/hendralisk/
5,http://us.battle.net/sc2/en/profile/3948354/1/hendralisk/
6,http://us.battle.net/sc2/en/profile/3948354/1/hendralisk/
7,http://us.battle.net/sc2/en/profile/3948354/1/hendralisk/
8,http://us.battle.net/sc2/en/profile/3948354/1/hendralisk/
9,http://us.battle.net/sc2/en/profile/3948354/1/hendralisk/
10,http://us.battle.net/sc2/en/profile/3948354/1/hendralisk/
11,http://us.battle.net/sc2/en/profile/3948354/1/hendralisk/
12,http://us.battle.net/sc2/en/profile/3948354/1/hendralisk/
13,http://us.battle.net/sc2/en/profile/3948354/1/hendralisk/
14,http://us.battle.net/sc2/en/profile/3948354/1/hendralisk/
15,http://us.battle.net/sc2/en/profile/3948354/1/hendralisk/
16,http://us.battle.net/sc2/en/profile/3948354/1/hendralisk/
17,http://us.battle.net/sc2/en/profile/3948354/1/hendralisk/
18,http://us.battle.net/sc2/en/profile/3948354/1/hendralisk/
19,http://us.battle.net/sc2/en/profile/3948354/1/hendralisk/
20,http://us.battle.net/sc2/en/profile/3948354/1/hendralisk/
21,http://us.battle.net/sc2/en/profile/3948354/1/hendralisk/
22,http://us.battle.net/sc2/en/profile/3948354/1/hendralisk/
23,http://us.battle.net/sc2/en/profile/3948354/1/hendralisk/
24,http://us.battle.net/sc2/en/profile/3948354/1/hendralisk/
25,http://us.battle.net/sc2/en/profile/3948354/1/hendralisk/
26,http://us.battle.net/sc2/en/profile/3948354/1/hendralisk/
27,http://us.battle.net/sc2/en/profile/3948354/1/hendralisk/
28,http://us.battle.net/sc2/en/profile/3948354/1/hendralisk/
29,http://us.battle.net/sc2/en/profile/3948354/1/hendralisk/
30,http://us.battle.net/sc2/en/profile/3948354/1/hendralisk/
31,http://us.battle.net/sc2/en/profile/3948354/1/hendralisk/
32,http://us.battle.net/sc2/en/profile/3948354/1/hendralisk/
33,http://us.battle.net/sc2/en/profile/3948354/1/hendralisk/
34,http://us.battle.net/sc2/en/profile/3948354/1/hendralisk/
35,http://us.battle.net/sc2/en/profile/3948354/1/hendralisk/
36,http://us.battle.net/sc2/en/profile/3948354/1/hendralisk/
37,http://us.battle.net/sc2/en/profile/3948354/1/hendralisk/
38,http://us.battle.net/sc2/en/profile/3948354/1/hendralisk/
39,http://us.battle.net/sc2/en/profile/3948354/1/hendralisk/
40,http://us.battle.net/sc2/en/profile/3948354/1/hendralisk/
41,http://us.battle.net/sc2/en/profile/3948354/1/hendralisk/
42,http://us.battle.net/sc2/en/profile/3948354/1/hendralisk/
43,http://us.battle.net/sc2/en/profile/3948354/1/hendralisk/
44,http://us.battle.net/sc2/en/profile/3948354/1/hendralisk/
45,http://us.battle.net/sc2/en/profile/3948354/1/hendralisk/
46,http://us.battle.net/sc2/en/profile/3948354/1/hendralisk/
47,http://us.battle.net/sc2/en/profile/3948354/1/hendralisk/
48,http://us.battle.net/sc2/en/profile/3948354/1/hendralisk/
49,http://us.battle.net/sc2/en/profile/3948354/1/hendralisk/
50,http://us.battle.net/sc2/en/profile/3948354/1/hendralisk/
51,http://us.battle.net/sc2/en/profile/3948354/1/hendralisk/
52,http://us.battle.net/sc2/en/profile/3948354/1/hendralisk/
53,http://us.battle.net/sc2/en/profile/3948354/1/hendralisk/
54,http://us.battle.net/sc2/en/profile/3948354/1/hendralisk/
55,http://us.battle.net/sc2/en/profile/3948354/1/hendralisk/
56,http://us.battle.net/sc2/en/profile/3948354/1/hendralisk/
57,http://us.battle.net/sc2/en/profile/3948354/1/hendralisk/
58,http://us.battle.net/sc2/en/profile/3948354/1/hendralisk/
59,http://us.battle.net/sc2/en/profile/3948354/1/hendralisk/
60,http://us.battle.net/sc2/en/profile/3948354/1/hendralisk/
61,http://us.battle.net/sc2/en/profile/3948354/1/hendralisk/
62,http://us.battle.net/sc2/en/profile/3948354/1/hendralisk/
63,http://us.battle.net/sc2/en/profile/3948354/1/hendralisk/
64,http://us.battle.net/sc2/en/profile/3948354/1/hendralisk/
65,http://us.battle.net/sc2/en/profile/3948354/1/hendralisk/
66,http://us.battle.net/sc2/en/profile/3948354/1/hendralisk/
67,http://us.battle.net/sc2/en/profile/3948354/1/hendralisk/
68,http://us.battle.net/sc2/en/profile/3948354/1/hendralisk/
69,http://us.battle.net/sc2/en/profile/3948354/1/hendralisk/
70,http://us.battle.net/sc2/en/profile/3948354/1/hendralisk/
71,http://us.battle.net/sc2/en/profile/3948354/1/hendralisk/
72,http://us.battle.net/sc2/en/profile/3948354/1/hendralisk/
73,http://us.battle.net/sc2/en/profile/3948354/1/hendralisk/
74,http://us.battle.net/sc2/en/profile/3948354/1/hendralisk/
75,http://us.battle.net/sc2/en/profile/3948354/1/hendralisk/
76,http://us.battle.net/sc2/en/profile/3948354/1/hendralisk/
77,http://us.battle.net/sc2/en/profile/3948354/1/hendralisk/
78,http://us.battle.net/sc2/en/profile/3948354/1/hendralisk/
79,http://us.battle.net/sc2/en/profile/3948354/1/hendralisk/
80,http://us.battle.net/sc2/en/profile/3948354/1/hendralisk/
81,http://us.battle.net/sc2/en/profile/3948354/1/hendralisk/
82,http://us.battle.net/sc2/en/profile/3948354/1/hendralisk/
83,http://us.battle.net/sc2/en/profile/3948354/1/hendralisk/
84,http://us.battle.net/sc2/en/profile/3948354/1/hendralisk/
85,http://us.battle.net/sc2/en/profile/3948354/1/hendralisk/
86,http://us.battle.net/sc2/en/profile/3948354/1/hendralisk/
87,http://us.battle.net/sc2/en/profile/3948354/1/hendralisk/
88,http://us.battle.net/sc2/en/profile/3948354/1/hendralisk/
89,http://us.battle.net/sc2/en/profile/3948354/1/hendralisk/
90,http://us.battle.net/sc2/en/profile/3948354/1/hendralisk/
91,http://us.battle.net/sc2/en/profile/3948354/1/hendralisk/
92,http://us.battle.net/sc2/en/profile/3948354/1/hendralisk/
93,http://us.battle.net/sc2/en/profile/3948354/1/hendralisk/
94,http://us.battle.net/sc2/en/profile/3948354/1/hendralisk/
95,http://us.battle.net/sc2/en/profile/3948354/1/hendralisk/
96,http://us.battle.net/sc2/en/profile/3948354/1/hendralisk/
97,http://us.battle.net/sc2/en/profile/3948354/1/hendralisk/
98,http://us.battle.net/sc2/en/profile/3948354/1/hendralisk/
99,http://us.battle.net/sc2/en/profile/3948354/1/hendralisk/
100,http://us.battle.net/sc2/en/profile/3948354/1/hendralisk/
101,http://us.battle.net/sc2/en/profile/3948354/1/hendralisk/
102,http://us.battle.net/sc2/en/profile/3948354/1/hendralisk/
103,http://us.battle.net/sc2/en/profile/3948354/1/hendralisk/
104,http://us.battle.net/sc2/en/profile/3948354/1/hendralisk/
105,http://us.battle.net/sc2/en/profile/3948354/1/hendralisk/
106,http://us.battle.net/sc2/en/profile/3948354/1/hendralisk/
107,http://us.battle.net/sc2/en/profile/3948354/1/hendralisk/
108,http://us.battle.net/sc2/en/profile/3948354/1/hendralisk/
109,http://us.battle.net/sc2/en/profile/3948354/1/hendralisk/
110,http://us.battle.net/sc2/en/profile/3948354/1/hendralisk/
111,http://us.battle.net/sc2/en/profile/3948354/1/hendralisk/
112,http://us.battle.net/sc2/en/profile/3948354/1/hendralisk/
113,http://us.battle.net/sc2/en/profile/3948354/1/hendralisk/
114,http://us.battle.net/sc2/en/profile/3948354/1/hendralisk/
115,http://us.battle.net/sc2/en/profile/3948354/1/hendralisk/
116,http://us.battle.net/sc2/en/profile/3948354/1/hendralisk/
117,http://us.battle.net/sc2/en/profile/3948354/1/hendralisk/
118,http://us.battle.net/sc2/en/profile/3948354/1/hendralisk/
119,http://us.battle.net/sc2/en/profile/3948354/1/hendralisk/
120,http://us.battle.net/sc2/en/profile/3948354/1/hendralisk/
121,http://us.battle.net/sc2/en/profile/3948354/1/hendralisk/
122,http://us.battle.net/sc2/en/profile/3948354/1/hendralisk/
123,http://us.battle.net/sc2/en/profile/3948354/1/hendralisk/
124,http://us.battle.net/sc2/en/profile/3948354/1/hendralisk/
125,http://us.battle.net/sc2/en/profile/3948354/1/hendralisk/
126,http://us.battle.net/sc2/en/profile/3948354/1/hendralisk/
127,http://us.battle.net/sc2/en/profile/3948354/1/hendralisk/
128,http://us.battle.net/sc2/en/profile/3948354/1/hendralisk/
129,http://us.battle.net/sc2/en/profile/3948354/1/hendralisk/
130,http://us.battle.net/sc2/en/profile/3948354/1/hendralisk/
131,http://us.battle.net/sc2/en/profile/3948354/1/hendralisk/
132,http://us.battle.net/sc2/en/profile/3948354/1/hendralisk/
133,http://us.battle.net/sc2/en/profile/3948354/1/hendralisk/
134,http://us.battle.net/sc2/en/profile/3948354/1/hendralisk/
135,http://us.battle.net/sc2/en/profile/3948354/1/hendralisk/
136,http://us.battle.net/sc2/en/profile/3948354/1/hendralisk/
137,http://us.battle.net/sc2/en/profile/3948354/1/hendralisk/
138,http://us.battle.net/sc2/en/profile/3948354/1/hendralisk/
139,http://us.battle.net/sc2/en/profile/3948354/1/hendralisk/
140,http://us.battle.net/sc2/en/profile/3948354/1/hendralisk/
141,http://us.battle.net/sc2/en/profile/3948354/1/hendralisk/
142,http://us.battle.net/sc2/en/profile/3948354/1/hendralisk/
143,http://us.battle.net/sc2/en/profile/3948354/1/hendralisk/
144,http://us.battle.net/sc2/en/profile/3948354/1/hendralisk/
145,http://us.battle.net/sc2/en/profile/3948354/1/hendralisk/
146,http://us.battle.net/sc2/en/profile/3948354/1/hendralisk/
147,http://us.battle.net/sc2/en/profile/3948354/1/hendralisk/
148,http://us.battle.net/sc2/en/profile/3948354/1/hendralisk/
149,http://us.battle.net/sc2/en/profile/3948354/1/hendralisk/
150,http://us.battle.net/sc2/en/profile/3948354/1/hendralisk/
151,http://us.battle.net/sc2/en/profile/3948354/1/hendralisk/
152,http://us.battle.net/sc2/en/profile/3948354/1/hendralisk/
153,http://us.battle.net/sc2/en/profile/3948354/1/hendralisk/
154,http://us.battle.net/sc2/en/profile/3948354/1/hendralisk/
155,http://us.battle.net/sc2/en/profile/3948354/1/hendralisk/
156,http://us.battle.net/sc2/en/profile/3948354/1/hendralisk/
157,http://us.battle.net/sc2/en/profile/3948354/1/hendralisk/
158,http://us.battle.net/sc2/en/profile/3948354/1/hendralisk/
159,http://us.battle.net/sc2/en/profile/3948354/1/hendralisk/
160,http://us.battle.net/sc2/en/profile/3948354/1/hendralisk/
161,http://us.battle.net/sc2/en/profile/3948354/1/hendralisk/
162,http://us.battle.net/sc2/en/profile/3948354/1/hendralisk/
163,http://us.battle.net/sc2/en/profile/3948354/1/hendralisk/
164,http://us.battle.net/sc2/en/profile/3948354/1/hendralisk/
165,http://us.battle.net/sc2/en/profile/3948354/1/hendralisk/
166,http://us.battle.net/sc2/en/profile/3948354/1/hendralisk/
167,http://us.battle.net/sc2/en/profile/3948354/1/hendralisk/
168,http://us.battle.net/sc2/en/profile/3948354/1/hendralisk/
169,http://us.battle.net/sc2/en/profile/3948354/1/hendralisk/
170,http://us.battle.net/sc2/en/profile/3948354/1/hendralisk/
171,http://us.battle.net/sc2/en/profile/3948354/1/hendralisk/
172,http://us.battle.net/sc2/en/profile/3948354/1/hendralisk/
173,http://us.battle.net/sc2/en/profile/3948354/1/hendralisk/
174,http://us.battle.net/sc2/en/profile/3948354/1/hendralisk/
175,http://us.battle.net/sc2/en/profile/3948354/1/hendralisk/
176,http://us.battle.net/sc2/en/profile/3948354/1/hendralisk/
177,http://us.battle.net/sc2/en/profile/3948354/1/hendralisk/
178,http://us.battle.net/sc2/en/profile/3948354/1/hendralisk/
179,http://us.battle.net/sc2/en/profile/3948354/1/hendralisk/
180,http://us.battle.net/sc2/en/profile/3948354/1/hendralisk/
181,http://us.battle.net/sc2/en/profile/3948354/1/hendralisk/
182,http://us.battle.net/sc2/en/profile/3948354/1/hendralisk/
183,http://us.battle.net/sc2/en/profile/3948354/1/hendralisk/
184,http://us.battle.net/sc2/en/profile/3948354/1/hendralisk/
185,http://us.battle.net/sc2/en/profile/3948354/1/hendralisk/
186,http://us.battle.net/sc2/en/profile/3948354/1/hendralisk/
187,http://us.battle.net/sc2/en/profile/3948354/1/hendralisk/
188,http://us.battle.net/sc2/en/profile/3948354/1/hendralisk/
189,http://us.battle.net/sc2/en/profile/3948354/1/hendralisk/
190,http://us.battle.net/sc2/en/profile/3948354/1/hendralisk/
191,http://us.battle.net/sc2/en/profile/3948354/1/hendralisk/
192,http://us.battle.net/sc2/en/profile/3948354/1/hendralisk/
193,http://us.battle.net/sc2/en/profile/3948354/1/hendralisk/
194,http://us.battle.net/sc2/en/profile/3948354/1/hendralisk/
195,http://us.battle.net/sc2/en/profile/3948354/1/hendralisk/
196,http://us.battle.net/sc2/en/profile/3948354/1/hendralisk/
197,http://us.battle.net/sc2/en/profile/3948354/1/hendralisk/
198,http://us.battle.net/sc2/en/profile/3948354/1/hendralisk/
199,http://us.battle.net/sc2/en/profile/3948354/1/hendralisk/
200,http://us.battle.net/sc2/en/profile/3948354/1/hendralisk/
201,http://us.battle.net/sc2/en/profile/3948354/1/hendralisk/
202,http://us.battle.net/sc2/en/profile/3948354/1/hendralisk/
203,http://us.battle.net/sc2/en/profile/3948354/1/hendralisk/
204,http://us.battle.net/sc2/en/profile/3948354/1/hendralisk/
205,http://us.battle.net/sc2/en/profile/3948354/1/hendralisk/
206,http://us.battle.net/sc2/en/profile/3948354/1/hendralisk/
207,http://us.battle.net/sc2/en/profile/3948354/1/hendralisk/
208,http://us.battle.net/sc2/en/profile/3948354/1/hendralisk/
209,http://us.battle.net/sc2/en/profile/3948354/1/hendralisk/
210,http://us.battle.net/sc2/en/profile/3948354/1/hendralisk/
211,http://us.battle.net/sc2/en/profile/3948354/1/hendralisk/
212,http://us.battle.net/sc2/en/profile/3948354/1/hendralisk/
213,http://us.battle.net/sc2/en/profile/3948354/1/hendralisk/
214,http://us.battle.net/sc2/en/profile/3948354/1/hendralisk/
215,http://us.battle.net/sc2/en/profile/3948354/1/hendralisk/
216,http://us.battle.net/sc2/en/profile/3948354/1/hendralisk/
217,http://us.battle.net/sc2/en/profile/3948354/1/hendralisk/
218,http://us.battle.net/sc2/en/profile/3948354/1/hendralisk/
219,http://us.battle.net/sc2/en/profile/3948354/1/hendralisk/
220,http://us.battle.net/sc2/en/profile/3948354/1/hendralisk/
221,http://us.battle.net/sc2/en/profile/3948354/1/hendralisk/
222,http://us.battle.net/sc2/en/profile/3948354/1/hendralisk/
223,http://us.battle.net/sc2/en/profile/3948354/1/hendralisk/
224,http://us.battle.net/sc2/en/profile/3948354/1/hendralisk/
225,http://us.battle.net/sc2/en/profile/3948354/1/hendralisk/
226,http://us.battle.net/sc2/en/profile/3948354/1/hendralisk/
227,http://us.battle.net/sc2/en/profile/3948354/1/hendralisk/
228,http://us.battle.net/sc2/en/profile/3948354/1/hendralisk/
229,http://us.battle.net/sc2/en/profile/3948354/1/hendralisk/
230,http://us.battle.net/sc2/en/profile/3948354/1/hendralisk/
231,http://us.battle.net/sc2/en/profile/3948354/1/hendralisk/
232,http://us.battle.net/sc2/en/profile/3948354/1/hendralisk/
233,http://us.battle.net/sc2/en/profile/3948354/1/hendralisk/
234,http://us.battle.net/sc2/en/profile/3948354/1/hendralisk/
235,http://us.battle.net/sc2/en/profile/3948354/1/hendralisk/
236,http://us.battle.net/sc2/en/profile/3948354/1/hendralisk/
237,http://us.battle.net/sc2/en/profile/3948354/1/hendralisk/
238,http://us.battle.net/sc2/en/profile/3948354/1/hendralisk/
239,http://us.battle.net/sc2/en/profile/3948354/1/hendralisk/
240,http://us.battle.net/sc2/en/profile/3948354/1/hendralisk/
241,http://us.battle.net/sc2/en/profile/3948354/1/hendralisk/
242,http://us.battle.net/sc2/en/profile/3948354/1/hendralisk/
243,http://us.battle.net/sc2/en/profile/3948354/1/hendralisk/
244,http://us.battle.net/sc2/en/profile/3948354/1/hendralisk/
245,http://us.battle.net/sc2/en/profile/3948354/1/hendralisk/
246,http://us.battle.net/sc2/en/profile/3948354/1/hendralisk/
247,http://us.battle.net/sc2/en/profile/3948354/1/hendralisk/
248,http://us.battle.net/sc2/en/profile/3948354/1/hendralisk/
249,http://us.battle.net/sc2/en/profile/3948354/1/hendralisk/
250,http://us.battle.net/sc2/en/profile/3948354/1/hendralisk/
251,http://us.battle.net/sc2/en/profile/3948354/1/hendralisk/
252,http://us.battle.net/sc2/en/profile/3948354/1/hendralisk/
253,http://us.battle.net/sc2/en/profile/3948354/1/hendralisk/
254,http://us.battle.net/sc2/en/profile/3948354/1/hendralisk/
255,http://us.battle.net/sc2/en/profile/3948354/1/hendralisk/
256,http://us.battle.net/sc2/en/profile/3948354/1/hendralisk/
257,http://us.battle.net/sc2/en/profile/3948354/1/hendralisk/
258,http://us.battle.net/sc2/en/profile/3948354/1/hendralisk/
259,http://us.battle.net/sc2/en/profile/3948354/1/hendralisk/
260,http://us.battle.net/sc2/en/profile/3948354/1/hendralisk/
261,http://us.battle.net/sc2/en/profile/3948354/1/hendralisk/
262,http://us.battle.net/sc2/en/profile/3948354/1/hendralisk/
263,http://us.battle.net/sc2/en/profile/3948354/1/hendralisk/
264,http://us.battle.net/sc2/en/profile/3948354/1/hendralisk/
265,http://us.battle.net/sc2/en/profile/3948354/1/hendralisk/
266,http://us.battle.net/sc2/en/profile/3948354/1/hendralisk/
267,http://us.battle.net/sc2/en/profile/3948354/1/hendralisk/
268,http://us.battle.net/sc2/en/profile/3948354/1/hendralisk/
269,http://us.battle.net/sc2/en/profile/3948354/1/hendralisk/
270,http://us.battle.net/sc2/en/profile/3948354/1/hendralisk/
271,http://us.battle.net/sc2/en/profile/3948354/1/hendralisk/
272,http://us.battle.net/sc2/en/profile/3948354/1/hendralisk/
273,http://us.battle.net/sc2/en/profile/3948354/1/hendralisk/
274,http://us.battle.net/sc2/en/profile/3948354/1/hendralisk/
275,http://us.battle.net/sc2/en/profile/3948354/1/hendralisk/
276,http://us.battle.net/sc2/en/profile/3948354/1/hendralisk/
277,http://us.battle.net/sc2/en/profile/3948354/1/hendralisk/
278,http://us.battle.net/sc2/en/profile/3948354/1/hendralisk/
279,http://us.battle.net/sc2/en/profile/3948354/1/hendralisk/
280,http://us.battle.net/sc2/en/profile/3948354/1/hendralisk/
281,http://us.battle.net/sc2/en/profile/3948354/1/hendralisk/
282,http://us.battle.net/sc2/en/profile/3948354/1/hendralisk/
283,http://us.battle.net/sc2/en/profile/3948354/1/hendralisk/
284,http://us.battle.net/sc2/en/profile/3948354/1/hendralisk/
285,http://us.battle.net/sc2/en/profile/3948354/1/hendralisk/
286,http://us.battle.net/sc2/en/profile/3948354/1/hendralisk/
287,http://us.battle.net/sc2/en/profile/3948354/1/hendralisk/
288,http://us.battle.net/sc2/en/profile/3948354/1/hendralisk/
289,http://us.battle.net/sc2/en/profile/3948354/1/hendralisk/
290,http://us.battle.net/sc2/en/profile/3948354/1/hendralisk/
291,http://us.battle.net/sc2/en/profile/3948354/1/hendralisk/
292,http://us.battle.net/sc2/en/profile/3948354/1/hendralisk/
293,http://us.battle.net/sc2/en/profile/3948354/1/hendralisk/
294,http://us.battle.net/sc2/en/profile/3948354/1/hendralisk/
295,http://us.battle.net/sc2/en/profile/3948354/1/hendralisk/
296,http://us.battle.net/sc2/en/profile/3948354/1/hendralisk/
297,http://us.battle.net/sc2/en/profile/3948354/1/hendralisk/
298,http://us.battle.net/sc2/en/profile/3948354/1/hendralisk/
299,http://us.battle.net/sc2/en/profile/3948354/1/hendralisk/
300,http://us.battle.net/sc2/en/profile/3948354/1/hendralisk/
301,http://us.battle.net/sc2/en/profile/3948354/1/hendralisk/
302,http://us.battle.net/sc2/en/profile/3948354/1/hendralisk/
303,http://us.battle.net/sc2/en/profile/3948354/1/hendralisk/
304,http://us.battle.net/sc2/en/profile/3948354/1/hendralisk/
305,http://us.battle.net/sc2/en/profile/3948354/1/hendralisk/
306,http://us.battle.net/sc2/en/profile/3948354/1/hendralisk/
307,http://us.battle.net/sc2/en/profile/3948354/1/hendralisk/
308,http://us.battle.net/sc2/en/profile/3948354/1/hendralisk/
309,http://us.battle.net/sc2/en/profile/3948354/1/hendralisk/
310,http://us.battle.net/sc2/en/profile/3948354/1/hendralisk/
311,http://us.battle.net/sc2/en/profile/3948354/1/hendralisk/
312,http://us.battle.net/sc2/en/profile/3948354/1/hendralisk/
313,http://us.battle.net/sc2/en/profile/3948354/1/hendralisk/
314,http://us.battle.net/sc2/en/profile/3948354/1/hendralisk/
315,http://us.battle.net/sc2/en/profile/3948354/1/hendralisk/
316,http://us.battle.net/sc2/en/profile/3948354/1/hendralisk/
317,http://us.battle.net/sc2/en/profile/3948354/1/hendralisk/
318,http://us.battle.net/sc2/en/profile/3948354/1/hendralisk/
319,http://us.battle.net/sc2/en/profile/3948354/1/hendralisk/
320,http://us.battle.net/sc2/en/profile/3948354/1/hendralisk/
321,http://us.battle.net/sc2/en/profile/3948354/1/hendralisk/
322,http://us.battle.net/sc2/en/profile/3948354/1/hendralisk/
323,http://us.battle.net/sc2/en/profile/3948354/1/hendralisk/
324,http://us.battle.net/sc2/en/profile/3948354/1/hendralisk/
325,http://us.battle.net/sc2/en/profile/3948354/1/hendralisk/
326,http://us.battle.net/sc2/en/profile/3948354/1/hendralisk/
327,http://us.battle.net/sc2/en/profile/3948354/1/hendralisk/
328,http://us.battle.net/sc2/en/profile/3948354/1/hendralisk/
329,http://us.battle.net/sc2/en/profile/3948354/1/hendralisk/
330,http://us.battle.net/sc2/en/profile/3948354/1/hendralisk/
331,http://us.battle.net/sc2/en/profile/3948354/1/hendralisk/
332,http://us.battle.net/sc2/en/profile/3948354/1/hendralisk/
333,http://us.battle.net/sc2/en/profile/3948354/1/hendralisk/
334,http://us.battle.net/sc2/en/profile/3948354/1/hendralisk/
335,http://us.battle.net/sc2/en/profile/3948354/1/hendralisk/
336,http://us.battle.net/sc2/en/profile/3948354/1/hendralisk/
337,http://us.battle.net/sc2/en/profile/3948354/1/hendralisk/
338,http://us.battle.net/sc2/en/profile/3948354/1/hendralisk/
339,http://us.battle.net/sc2/en/profile/3948354/1/hendralisk/
340,http://us.battle.net/sc2/en/profile/3948354/1/hendralisk/